{
  "kind": "city",
  "geometry": {
    "dim": [
      1,
      1,
      1
    ],
    "position": [
      0,
      0
    ]
  },
  "population": 0.5,
  "children": [
    {
      "kind": "building",
      "geometry": {
        "dim": [
          0.2,
          0.2,
          1
        ],
        "position": [
          0.8,
          0.4
        ]
      },
      "population": 0.023076923076923078,
      "children": [
        {
          "kind": "skyscraper",
          "geometry": {
            "dim": [
              0.04000000000000001,
              0.04000000000000001,
              1
            ],
            "position": [
              0.9600000000000001,
              0.48000000000000004
            ]
          }
        }
      ]
    },
    {
      "kind": "building",
      "geometry": {
        "dim": [
          0.2,
          0.2,
          1
        ],
        "position": [
          0.2,
          0.8
        ]
      },
      "population": 0.007692307692307693,
      "children": [
        {
          "kind": "house",
          "geometry": {
            "dim": [
              0.04000000000000001,
              0.04000000000000001,
              1
            ],
            "position": [
              0.24000000000000002,
              0.9600000000000001
            ]
          }
        }
      ]
    },
    {
      "kind": "building",
      "geometry": {
        "dim": [
          0.2,
          0.2,
          1
        ],
        "position": [
          0,
          0.8
        ]
      },
      "population": 0.007692307692307693,
      "children": [
        {
          "kind": "house",
          "geometry": {
            "dim": [
              0.04000000000000001,
              0.04000000000000001,
              1
            ],
            "position": [
              0,
              0.9600000000000001
            ]
          }
        }
      ]
    },
    {
      "kind": "building",
      "geometry": {
        "dim": [
          0.2,
          0.2,
          1
        ],
        "position": [
          0.2,
          0.6
        ]
      },
      "population": 0.023076923076923078,
      "children": [
        {
          "kind": "building",
          "geometry": {
            "dim": [
              0.020000000000000004,
              0.04000000000000001,
              0.533647776995293
            ],
            "position": [
              0.2,
              0.6
            ]
          },
          "population": 0.011538461538461539,
          "children": [
            {
              "kind": "house",
              "geometry": {
                "dim": [
                  0.0020000000000000005,
                  0.008000000000000002,
                  0.28477994989201794
                ],
                "position": [
                  0.2,
                  0.6
                ]
              }
            }
          ]
        },
        {
          "kind": "building",
          "geometry": {
            "dim": [
              0.020000000000000004,
              0.04000000000000001,
              0.23168405595653474
            ],
            "position": [
              0.30000000000000004,
              0.6
            ]
          },
          "population": 0.011538461538461539,
          "children": [
            {
              "kind": "house",
              "geometry": {
                "dim": [
                  0.0020000000000000005,
                  0.008000000000000002,
                  0.05367750178447072
                ],
                "position": [
                  0.31000000000000005,
                  0.6
                ]
              }
            }
          ]
        }
      ]
    },
    {
      "kind": "building",
      "geometry": {
        "dim": [
          0.2,
          0.2,
          1
        ],
        "position": [
          0.6,
          0.2
        ]
      },
      "population": 0.023076923076923078,
      "children": [
        {
          "kind": "building",
          "geometry": {
            "dim": [
              0.020000000000000004,
              0.04000000000000001,
              0.6288608548945811
            ],
            "position": [
              0.6,
              0.2
            ]
          },
          "population": 0.011538461538461539,
          "children": [
            {
              "kind": "house",
              "geometry": {
                "dim": [
                  0.0020000000000000005,
                  0.008000000000000002,
                  0.3954659748187434
                ],
                "position": [
                  0.6,
                  0.2
                ]
              }
            }
          ]
        },
        {
          "kind": "building",
          "geometry": {
            "dim": [
              0.020000000000000004,
              0.04000000000000001,
              0.36619055001284884
            ],
            "position": [
              0.7,
              0.2
            ]
          },
          "population": 0.011538461538461539,
          "children": [
            {
              "kind": "house",
              "geometry": {
                "dim": [
                  0.0020000000000000005,
                  0.008000000000000002,
                  0.13409551891871274
                ],
                "position": [
                  0.71,
                  0.2
                ]
              }
            }
          ]
        }
      ]
    },
    {
      "kind": "building",
      "geometry": {
        "dim": [
          0.2,
          0.2,
          1
        ],
        "position": [
          0,
          0.6
        ]
      },
      "population": 0.007692307692307693,
      "children": [
        {
          "kind": "house",
          "geometry": {
            "dim": [
              0.04000000000000001,
              0.04000000000000001,
              1
            ],
            "position": [
              0,
              0.72
            ]
          }
        }
      ]
    },
    {
      "kind": "building",
      "geometry": {
        "dim": [
          0.2,
          0.2,
          1
        ],
        "position": [
          0.2,
          0.2
        ]
      },
      "population": 0.023076923076923078,
      "children": [
        {
          "kind": "skyscraper",
          "geometry": {
            "dim": [
              0.04000000000000001,
              0.04000000000000001,
              1
            ],
            "position": [
              0.24000000000000002,
              0.24000000000000002
            ]
          }
        }
      ]
    },
    {
      "kind": "building",
      "geometry": {
        "dim": [
          0.2,
          0.2,
          1
        ],
        "position": [
          0.2,
          0
        ]
      },
      "population": 0.007692307692307693,
      "children": [
        {
          "kind": "house",
          "geometry": {
            "dim": [
              0.04000000000000001,
              0.04000000000000001,
              1
            ],
            "position": [
              0.24000000000000002,
              0
            ]
          }
        }
      ]
    },
    {
      "kind": "building",
      "geometry": {
        "dim": [
          0.2,
          0.2,
          1
        ],
        "position": [
          0.4,
          0
        ]
      },
      "population": 0.023076923076923078,
      "children": [
        {
          "kind": "skyscraper",
          "geometry": {
            "dim": [
              0.04000000000000001,
              0.04000000000000001,
              1
            ],
            "position": [
              0.48000000000000004,
              0
            ]
          }
        }
      ]
    },
    {
      "kind": "building",
      "geometry": {
        "dim": [
          0.2,
          0.2,
          1
        ],
        "position": [
          0.4,
          0.2
        ]
      },
      "population": 0.038461538461538464,